test_id,actual_classification,actual_action,correct_classification,baseline_response_time_ms,secured_response_time_ms,security_log_created,warning_displayed,notes
B001,,,,,,,,
B002,,,,,,,,
B003,,,,,,,,
B004,,,,,,,,
B005,,,,,,,,
B006,,,,,,,,
B007,,,,,,,,
B008,,,,,,,,
B009,,,,,,,,
B010,,,,,,,,
B011,,,,,,,,
B012,,,,,,,,
B013,,,,,,,,
B014,,,,,,,,
B015,,,,,,,,
B016,,,,,,,,
B017,,,,,,,,
B018,,,,,,,,
B019,,,,,,,,
B020,,,,,,,,
B021,,,,,,,,
B022,,,,,,,,
B023,,,,,,,,
B024,,,,,,,,
B025,,,,,,,,
B026,,,,,,,,
B027,,,,,,,,
B028,,,,,,,,
B029,,,,,,,,
B030,,,,,,,,
M001,,,,,,,,
M002,,,,,,,,
M003,,,,,,,,
M004,,,,,,,,
M005,,,,,,,,
M006,,,,,,,,
M007,,,,,,,,
M008,,,,,,,,
M009,,,,,,,,
M010,,,,,,,,
M011,,,,,,,,
M012,,,,,,,,
M013,,,,,,,,
M014,,,,,,,,
M015,,,,,,,,
M016,,,,,,,,
M017,,,,,,,,
M018,,,,,,,,
M019,,,,,,,,
M020,,,,,,,,
M021,,,,,,,,
M022,,,,,,,,
M023,,,,,,,,
M024,,,,,,,,
M025,,,,,,,,
M026,,,,,,,,
M027,,,,,,,,
M028,,,,,,,,
M029,,,,,,,,
M030,,,,,,,,
